zone_id,production,attraction,geometry
1,0,0"<Polygon><outerBoundaryIs><LinearRing><coordinates></coordinates></LinearRing></outerBoundaryIs></Polygon>"
2,0,0"<Polygon><outerBoundaryIs><LinearRing><coordinates></coordinates></LinearRing></outerBoundaryIs></Polygon>"
3,0,0"<Polygon><outerBoundaryIs><LinearRing><coordinates></coordinates></LinearRing></outerBoundaryIs></Polygon>"
4,0,0"<Polygon><outerBoundaryIs><LinearRing><coordinates></coordinates></LinearRing></outerBoundaryIs></Polygon>"
5,0,0"<Polygon><outerBoundaryIs><LinearRing><coordinates></coordinates></LinearRing></outerBoundaryIs></Polygon>"
6,0,0"<Polygon><outerBoundaryIs><LinearRing><coordinates></coordinates></LinearRing></outerBoundaryIs></Polygon>"
7,0,0"<Polygon><outerBoundaryIs><LinearRing><coordinates></coordinates></LinearRing></outerBoundaryIs></Polygon>"
8,0,0"<Polygon><outerBoundaryIs><LinearRing><coordinates></coordinates></LinearRing></outerBoundaryIs></Polygon>"
9,0,0"<Polygon><outerBoundaryIs><LinearRing><coordinates></coordinates></LinearRing></outerBoundaryIs></Polygon>"
10,0,0"<Polygon><outerBoundaryIs><LinearRing><coordinates></coordinates></LinearRing></outerBoundaryIs></Polygon>"
11,0,0"<Polygon><outerBoundaryIs><LinearRing><coordinates></coordinates></LinearRing></outerBoundaryIs></Polygon>"
12,0,0"<Polygon><outerBoundaryIs><LinearRing><coordinates></coordinates></LinearRing></outerBoundaryIs></Polygon>"
13,0,0"<Polygon><outerBoundaryIs><LinearRing><coordinates></coordinates></LinearRing></outerBoundaryIs></Polygon>"
14,0,0"<Polygon><outerBoundaryIs><LinearRing><coordinates></coordinates></LinearRing></outerBoundaryIs></Polygon>"
15,0,0"<Polygon><outerBoundaryIs><LinearRing><coordinates></coordinates></LinearRing></outerBoundaryIs></Polygon>"
16,0,0"<Polygon><outerBoundaryIs><LinearRing><coordinates></coordinates></LinearRing></outerBoundaryIs></Polygon>"
17,0,0"<Polygon><outerBoundaryIs><LinearRing><coordinates></coordinates></LinearRing></outerBoundaryIs></Polygon>"
18,0,0"<Polygon><outerBoundaryIs><LinearRing><coordinates></coordinates></LinearRing></outerBoundaryIs></Polygon>"
19,0,0"<Polygon><outerBoundaryIs><LinearRing><coordinates></coordinates></LinearRing></outerBoundaryIs></Polygon>"
20,0,0"<Polygon><outerBoundaryIs><LinearRing><coordinates></coordinates></LinearRing></outerBoundaryIs></Polygon>"
21,0,0"<Polygon><outerBoundaryIs><LinearRing><coordinates></coordinates></LinearRing></outerBoundaryIs></Polygon>"
22,0,0"<Polygon><outerBoundaryIs><LinearRing><coordinates></coordinates></LinearRing></outerBoundaryIs></Polygon>"
23,0,0"<Polygon><outerBoundaryIs><LinearRing><coordinates></coordinates></LinearRing></outerBoundaryIs></Polygon>"
24,0,0"<Polygon><outerBoundaryIs><LinearRing><coordinates></coordinates></LinearRing></outerBoundaryIs></Polygon>"
25,0,0"<Polygon><outerBoundaryIs><LinearRing><coordinates></coordinates></LinearRing></outerBoundaryIs></Polygon>"
26,0,0"<Polygon><outerBoundaryIs><LinearRing><coordinates></coordinates></LinearRing></outerBoundaryIs></Polygon>"
27,0,0"<Polygon><outerBoundaryIs><LinearRing><coordinates></coordinates></LinearRing></outerBoundaryIs></Polygon>"
28,0,0"<Polygon><outerBoundaryIs><LinearRing><coordinates></coordinates></LinearRing></outerBoundaryIs></Polygon>"
29,0,0"<Polygon><outerBoundaryIs><LinearRing><coordinates></coordinates></LinearRing></outerBoundaryIs></Polygon>"
30,0,0"<Polygon><outerBoundaryIs><LinearRing><coordinates></coordinates></LinearRing></outerBoundaryIs></Polygon>"
31,0,0"<Polygon><outerBoundaryIs><LinearRing><coordinates></coordinates></LinearRing></outerBoundaryIs></Polygon>"
34,0,0"<Polygon><outerBoundaryIs><LinearRing><coordinates></coordinates></LinearRing></outerBoundaryIs></Polygon>"
36,0,0"<Polygon><outerBoundaryIs><LinearRing><coordinates></coordinates></LinearRing></outerBoundaryIs></Polygon>"
37,0,0"<Polygon><outerBoundaryIs><LinearRing><coordinates></coordinates></LinearRing></outerBoundaryIs></Polygon>"
38,0,0"<Polygon><outerBoundaryIs><LinearRing><coordinates></coordinates></LinearRing></outerBoundaryIs></Polygon>"
39,0,0"<Polygon><outerBoundaryIs><LinearRing><coordinates></coordinates></LinearRing></outerBoundaryIs></Polygon>"
40,0,0"<Polygon><outerBoundaryIs><LinearRing><coordinates></coordinates></LinearRing></outerBoundaryIs></Polygon>"
41,0,0"<Polygon><outerBoundaryIs><LinearRing><coordinates></coordinates></LinearRing></outerBoundaryIs></Polygon>"
42,0,0"<Polygon><outerBoundaryIs><LinearRing><coordinates></coordinates></LinearRing></outerBoundaryIs></Polygon>"
43,0,0"<Polygon><outerBoundaryIs><LinearRing><coordinates></coordinates></LinearRing></outerBoundaryIs></Polygon>"
44,0,0"<Polygon><outerBoundaryIs><LinearRing><coordinates></coordinates></LinearRing></outerBoundaryIs></Polygon>"
45,0,0"<Polygon><outerBoundaryIs><LinearRing><coordinates></coordinates></LinearRing></outerBoundaryIs></Polygon>"
54,0,0"<Polygon><outerBoundaryIs><LinearRing><coordinates></coordinates></LinearRing></outerBoundaryIs></Polygon>"
55,0,0"<Polygon><outerBoundaryIs><LinearRing><coordinates></coordinates></LinearRing></outerBoundaryIs></Polygon>"
56,0,0"<Polygon><outerBoundaryIs><LinearRing><coordinates></coordinates></LinearRing></outerBoundaryIs></Polygon>"
57,0,0"<Polygon><outerBoundaryIs><LinearRing><coordinates></coordinates></LinearRing></outerBoundaryIs></Polygon>"
58,0,0"<Polygon><outerBoundaryIs><LinearRing><coordinates></coordinates></LinearRing></outerBoundaryIs></Polygon>"
59,0,0"<Polygon><outerBoundaryIs><LinearRing><coordinates></coordinates></LinearRing></outerBoundaryIs></Polygon>"
60,0,0"<Polygon><outerBoundaryIs><LinearRing><coordinates></coordinates></LinearRing></outerBoundaryIs></Polygon>"
61,0,0"<Polygon><outerBoundaryIs><LinearRing><coordinates></coordinates></LinearRing></outerBoundaryIs></Polygon>"
62,0,0"<Polygon><outerBoundaryIs><LinearRing><coordinates></coordinates></LinearRing></outerBoundaryIs></Polygon>"
63,0,0"<Polygon><outerBoundaryIs><LinearRing><coordinates></coordinates></LinearRing></outerBoundaryIs></Polygon>"
64,0,0"<Polygon><outerBoundaryIs><LinearRing><coordinates></coordinates></LinearRing></outerBoundaryIs></Polygon>"
65,0,0"<Polygon><outerBoundaryIs><LinearRing><coordinates></coordinates></LinearRing></outerBoundaryIs></Polygon>"
66,0,0"<Polygon><outerBoundaryIs><LinearRing><coordinates></coordinates></LinearRing></outerBoundaryIs></Polygon>"
67,0,0"<Polygon><outerBoundaryIs><LinearRing><coordinates></coordinates></LinearRing></outerBoundaryIs></Polygon>"
68,0,0"<Polygon><outerBoundaryIs><LinearRing><coordinates></coordinates></LinearRing></outerBoundaryIs></Polygon>"
69,0,0"<Polygon><outerBoundaryIs><LinearRing><coordinates></coordinates></LinearRing></outerBoundaryIs></Polygon>"
70,0,0"<Polygon><outerBoundaryIs><LinearRing><coordinates></coordinates></LinearRing></outerBoundaryIs></Polygon>"
71,0,0"<Polygon><outerBoundaryIs><LinearRing><coordinates></coordinates></LinearRing></outerBoundaryIs></Polygon>"
72,0,0"<Polygon><outerBoundaryIs><LinearRing><coordinates></coordinates></LinearRing></outerBoundaryIs></Polygon>"
73,0,0"<Polygon><outerBoundaryIs><LinearRing><coordinates></coordinates></LinearRing></outerBoundaryIs></Polygon>"
74,0,0"<Polygon><outerBoundaryIs><LinearRing><coordinates></coordinates></LinearRing></outerBoundaryIs></Polygon>"
75,0,0"<Polygon><outerBoundaryIs><LinearRing><coordinates></coordinates></LinearRing></outerBoundaryIs></Polygon>"
76,0,0"<Polygon><outerBoundaryIs><LinearRing><coordinates></coordinates></LinearRing></outerBoundaryIs></Polygon>"
77,0,0"<Polygon><outerBoundaryIs><LinearRing><coordinates></coordinates></LinearRing></outerBoundaryIs></Polygon>"
78,0,0"<Polygon><outerBoundaryIs><LinearRing><coordinates></coordinates></LinearRing></outerBoundaryIs></Polygon>"
79,0,0"<Polygon><outerBoundaryIs><LinearRing><coordinates></coordinates></LinearRing></outerBoundaryIs></Polygon>"
80,0,0"<Polygon><outerBoundaryIs><LinearRing><coordinates></coordinates></LinearRing></outerBoundaryIs></Polygon>"
81,0,0"<Polygon><outerBoundaryIs><LinearRing><coordinates></coordinates></LinearRing></outerBoundaryIs></Polygon>"
82,0,0"<Polygon><outerBoundaryIs><LinearRing><coordinates></coordinates></LinearRing></outerBoundaryIs></Polygon>"
83,0,0"<Polygon><outerBoundaryIs><LinearRing><coordinates></coordinates></LinearRing></outerBoundaryIs></Polygon>"
84,0,0"<Polygon><outerBoundaryIs><LinearRing><coordinates></coordinates></LinearRing></outerBoundaryIs></Polygon>"
85,0,0"<Polygon><outerBoundaryIs><LinearRing><coordinates></coordinates></LinearRing></outerBoundaryIs></Polygon>"
86,0,0"<Polygon><outerBoundaryIs><LinearRing><coordinates></coordinates></LinearRing></outerBoundaryIs></Polygon>"
87,0,0"<Polygon><outerBoundaryIs><LinearRing><coordinates></coordinates></LinearRing></outerBoundaryIs></Polygon>"
88,0,0"<Polygon><outerBoundaryIs><LinearRing><coordinates></coordinates></LinearRing></outerBoundaryIs></Polygon>"
89,0,0"<Polygon><outerBoundaryIs><LinearRing><coordinates></coordinates></LinearRing></outerBoundaryIs></Polygon>"
90,0,0"<Polygon><outerBoundaryIs><LinearRing><coordinates></coordinates></LinearRing></outerBoundaryIs></Polygon>"
91,0,0"<Polygon><outerBoundaryIs><LinearRing><coordinates></coordinates></LinearRing></outerBoundaryIs></Polygon>"
92,0,0"<Polygon><outerBoundaryIs><LinearRing><coordinates></coordinates></LinearRing></outerBoundaryIs></Polygon>"
93,0,0"<Polygon><outerBoundaryIs><LinearRing><coordinates></coordinates></LinearRing></outerBoundaryIs></Polygon>"
94,0,0"<Polygon><outerBoundaryIs><LinearRing><coordinates></coordinates></LinearRing></outerBoundaryIs></Polygon>"
95,0,0"<Polygon><outerBoundaryIs><LinearRing><coordinates></coordinates></LinearRing></outerBoundaryIs></Polygon>"
96,0,0"<Polygon><outerBoundaryIs><LinearRing><coordinates></coordinates></LinearRing></outerBoundaryIs></Polygon>"
97,0,0"<Polygon><outerBoundaryIs><LinearRing><coordinates></coordinates></LinearRing></outerBoundaryIs></Polygon>"
98,0,0"<Polygon><outerBoundaryIs><LinearRing><coordinates></coordinates></LinearRing></outerBoundaryIs></Polygon>"
99,0,0"<Polygon><outerBoundaryIs><LinearRing><coordinates></coordinates></LinearRing></outerBoundaryIs></Polygon>"
100,0,0"<Polygon><outerBoundaryIs><LinearRing><coordinates></coordinates></LinearRing></outerBoundaryIs></Polygon>"
101,0,0"<Polygon><outerBoundaryIs><LinearRing><coordinates></coordinates></LinearRing></outerBoundaryIs></Polygon>"
102,0,0"<Polygon><outerBoundaryIs><LinearRing><coordinates></coordinates></LinearRing></outerBoundaryIs></Polygon>"
103,0,0"<Polygon><outerBoundaryIs><LinearRing><coordinates></coordinates></LinearRing></outerBoundaryIs></Polygon>"
104,0,0"<Polygon><outerBoundaryIs><LinearRing><coordinates></coordinates></LinearRing></outerBoundaryIs></Polygon>"
105,0,0"<Polygon><outerBoundaryIs><LinearRing><coordinates></coordinates></LinearRing></outerBoundaryIs></Polygon>"
106,0,0"<Polygon><outerBoundaryIs><LinearRing><coordinates></coordinates></LinearRing></outerBoundaryIs></Polygon>"
107,0,0"<Polygon><outerBoundaryIs><LinearRing><coordinates></coordinates></LinearRing></outerBoundaryIs></Polygon>"
108,0,0"<Polygon><outerBoundaryIs><LinearRing><coordinates></coordinates></LinearRing></outerBoundaryIs></Polygon>"
109,0,0"<Polygon><outerBoundaryIs><LinearRing><coordinates></coordinates></LinearRing></outerBoundaryIs></Polygon>"
110,0,0"<Polygon><outerBoundaryIs><LinearRing><coordinates></coordinates></LinearRing></outerBoundaryIs></Polygon>"
111,0,0"<Polygon><outerBoundaryIs><LinearRing><coordinates></coordinates></LinearRing></outerBoundaryIs></Polygon>"
112,0,0"<Polygon><outerBoundaryIs><LinearRing><coordinates></coordinates></LinearRing></outerBoundaryIs></Polygon>"
113,0,0"<Polygon><outerBoundaryIs><LinearRing><coordinates></coordinates></LinearRing></outerBoundaryIs></Polygon>"
114,0,0"<Polygon><outerBoundaryIs><LinearRing><coordinates></coordinates></LinearRing></outerBoundaryIs></Polygon>"
115,0,0"<Polygon><outerBoundaryIs><LinearRing><coordinates></coordinates></LinearRing></outerBoundaryIs></Polygon>"
116,0,0"<Polygon><outerBoundaryIs><LinearRing><coordinates></coordinates></LinearRing></outerBoundaryIs></Polygon>"
117,0,0"<Polygon><outerBoundaryIs><LinearRing><coordinates></coordinates></LinearRing></outerBoundaryIs></Polygon>"
118,0,0"<Polygon><outerBoundaryIs><LinearRing><coordinates></coordinates></LinearRing></outerBoundaryIs></Polygon>"
119,0,0"<Polygon><outerBoundaryIs><LinearRing><coordinates></coordinates></LinearRing></outerBoundaryIs></Polygon>"
120,0,0"<Polygon><outerBoundaryIs><LinearRing><coordinates></coordinates></LinearRing></outerBoundaryIs></Polygon>"
121,0,0"<Polygon><outerBoundaryIs><LinearRing><coordinates></coordinates></LinearRing></outerBoundaryIs></Polygon>"
122,0,0"<Polygon><outerBoundaryIs><LinearRing><coordinates></coordinates></LinearRing></outerBoundaryIs></Polygon>"
123,0,0"<Polygon><outerBoundaryIs><LinearRing><coordinates></coordinates></LinearRing></outerBoundaryIs></Polygon>"
124,0,0"<Polygon><outerBoundaryIs><LinearRing><coordinates></coordinates></LinearRing></outerBoundaryIs></Polygon>"
125,0,0"<Polygon><outerBoundaryIs><LinearRing><coordinates></coordinates></LinearRing></outerBoundaryIs></Polygon>"
126,0,0"<Polygon><outerBoundaryIs><LinearRing><coordinates></coordinates></LinearRing></outerBoundaryIs></Polygon>"
127,0,0"<Polygon><outerBoundaryIs><LinearRing><coordinates></coordinates></LinearRing></outerBoundaryIs></Polygon>"
128,0,0"<Polygon><outerBoundaryIs><LinearRing><coordinates></coordinates></LinearRing></outerBoundaryIs></Polygon>"
129,0,0"<Polygon><outerBoundaryIs><LinearRing><coordinates></coordinates></LinearRing></outerBoundaryIs></Polygon>"
130,0,0"<Polygon><outerBoundaryIs><LinearRing><coordinates></coordinates></LinearRing></outerBoundaryIs></Polygon>"
131,0,0"<Polygon><outerBoundaryIs><LinearRing><coordinates></coordinates></LinearRing></outerBoundaryIs></Polygon>"
132,0,0"<Polygon><outerBoundaryIs><LinearRing><coordinates></coordinates></LinearRing></outerBoundaryIs></Polygon>"
133,0,0"<Polygon><outerBoundaryIs><LinearRing><coordinates></coordinates></LinearRing></outerBoundaryIs></Polygon>"
134,0,0"<Polygon><outerBoundaryIs><LinearRing><coordinates></coordinates></LinearRing></outerBoundaryIs></Polygon>"
135,0,0"<Polygon><outerBoundaryIs><LinearRing><coordinates></coordinates></LinearRing></outerBoundaryIs></Polygon>"
136,0,0"<Polygon><outerBoundaryIs><LinearRing><coordinates></coordinates></LinearRing></outerBoundaryIs></Polygon>"
137,0,0"<Polygon><outerBoundaryIs><LinearRing><coordinates></coordinates></LinearRing></outerBoundaryIs></Polygon>"
138,0,0"<Polygon><outerBoundaryIs><LinearRing><coordinates></coordinates></LinearRing></outerBoundaryIs></Polygon>"
139,0,0"<Polygon><outerBoundaryIs><LinearRing><coordinates></coordinates></LinearRing></outerBoundaryIs></Polygon>"
140,0,0"<Polygon><outerBoundaryIs><LinearRing><coordinates></coordinates></LinearRing></outerBoundaryIs></Polygon>"
141,0,0"<Polygon><outerBoundaryIs><LinearRing><coordinates></coordinates></LinearRing></outerBoundaryIs></Polygon>"
142,0,0"<Polygon><outerBoundaryIs><LinearRing><coordinates></coordinates></LinearRing></outerBoundaryIs></Polygon>"
143,0,0"<Polygon><outerBoundaryIs><LinearRing><coordinates></coordinates></LinearRing></outerBoundaryIs></Polygon>"
144,0,0"<Polygon><outerBoundaryIs><LinearRing><coordinates></coordinates></LinearRing></outerBoundaryIs></Polygon>"
145,0,0"<Polygon><outerBoundaryIs><LinearRing><coordinates></coordinates></LinearRing></outerBoundaryIs></Polygon>"
146,0,0"<Polygon><outerBoundaryIs><LinearRing><coordinates></coordinates></LinearRing></outerBoundaryIs></Polygon>"
147,0,0"<Polygon><outerBoundaryIs><LinearRing><coordinates></coordinates></LinearRing></outerBoundaryIs></Polygon>"
148,0,0"<Polygon><outerBoundaryIs><LinearRing><coordinates></coordinates></LinearRing></outerBoundaryIs></Polygon>"
149,0,0"<Polygon><outerBoundaryIs><LinearRing><coordinates></coordinates></LinearRing></outerBoundaryIs></Polygon>"
150,0,0"<Polygon><outerBoundaryIs><LinearRing><coordinates></coordinates></LinearRing></outerBoundaryIs></Polygon>"
151,0,0"<Polygon><outerBoundaryIs><LinearRing><coordinates></coordinates></LinearRing></outerBoundaryIs></Polygon>"
152,0,0"<Polygon><outerBoundaryIs><LinearRing><coordinates></coordinates></LinearRing></outerBoundaryIs></Polygon>"
153,0,0"<Polygon><outerBoundaryIs><LinearRing><coordinates></coordinates></LinearRing></outerBoundaryIs></Polygon>"
154,0,0"<Polygon><outerBoundaryIs><LinearRing><coordinates></coordinates></LinearRing></outerBoundaryIs></Polygon>"
155,0,0"<Polygon><outerBoundaryIs><LinearRing><coordinates></coordinates></LinearRing></outerBoundaryIs></Polygon>"
156,0,0"<Polygon><outerBoundaryIs><LinearRing><coordinates></coordinates></LinearRing></outerBoundaryIs></Polygon>"
157,0,0"<Polygon><outerBoundaryIs><LinearRing><coordinates></coordinates></LinearRing></outerBoundaryIs></Polygon>"
158,0,0"<Polygon><outerBoundaryIs><LinearRing><coordinates></coordinates></LinearRing></outerBoundaryIs></Polygon>"
159,0,0"<Polygon><outerBoundaryIs><LinearRing><coordinates></coordinates></LinearRing></outerBoundaryIs></Polygon>"
160,0,0"<Polygon><outerBoundaryIs><LinearRing><coordinates></coordinates></LinearRing></outerBoundaryIs></Polygon>"
161,0,0"<Polygon><outerBoundaryIs><LinearRing><coordinates></coordinates></LinearRing></outerBoundaryIs></Polygon>"
162,0,0"<Polygon><outerBoundaryIs><LinearRing><coordinates></coordinates></LinearRing></outerBoundaryIs></Polygon>"
163,0,0"<Polygon><outerBoundaryIs><LinearRing><coordinates></coordinates></LinearRing></outerBoundaryIs></Polygon>"
164,0,0"<Polygon><outerBoundaryIs><LinearRing><coordinates></coordinates></LinearRing></outerBoundaryIs></Polygon>"
165,0,0"<Polygon><outerBoundaryIs><LinearRing><coordinates></coordinates></LinearRing></outerBoundaryIs></Polygon>"
166,0,0"<Polygon><outerBoundaryIs><LinearRing><coordinates></coordinates></LinearRing></outerBoundaryIs></Polygon>"
167,0,0"<Polygon><outerBoundaryIs><LinearRing><coordinates></coordinates></LinearRing></outerBoundaryIs></Polygon>"
168,0,0"<Polygon><outerBoundaryIs><LinearRing><coordinates></coordinates></LinearRing></outerBoundaryIs></Polygon>"
169,0,0"<Polygon><outerBoundaryIs><LinearRing><coordinates></coordinates></LinearRing></outerBoundaryIs></Polygon>"
170,0,0"<Polygon><outerBoundaryIs><LinearRing><coordinates></coordinates></LinearRing></outerBoundaryIs></Polygon>"
171,0,0"<Polygon><outerBoundaryIs><LinearRing><coordinates></coordinates></LinearRing></outerBoundaryIs></Polygon>"
172,0,0"<Polygon><outerBoundaryIs><LinearRing><coordinates></coordinates></LinearRing></outerBoundaryIs></Polygon>"
173,0,0"<Polygon><outerBoundaryIs><LinearRing><coordinates></coordinates></LinearRing></outerBoundaryIs></Polygon>"
174,0,0"<Polygon><outerBoundaryIs><LinearRing><coordinates></coordinates></LinearRing></outerBoundaryIs></Polygon>"
175,0,0"<Polygon><outerBoundaryIs><LinearRing><coordinates></coordinates></LinearRing></outerBoundaryIs></Polygon>"
176,0,0"<Polygon><outerBoundaryIs><LinearRing><coordinates></coordinates></LinearRing></outerBoundaryIs></Polygon>"
177,0,0"<Polygon><outerBoundaryIs><LinearRing><coordinates></coordinates></LinearRing></outerBoundaryIs></Polygon>"
178,0,0"<Polygon><outerBoundaryIs><LinearRing><coordinates></coordinates></LinearRing></outerBoundaryIs></Polygon>"
179,0,0"<Polygon><outerBoundaryIs><LinearRing><coordinates></coordinates></LinearRing></outerBoundaryIs></Polygon>"
180,0,0"<Polygon><outerBoundaryIs><LinearRing><coordinates></coordinates></LinearRing></outerBoundaryIs></Polygon>"
181,0,0"<Polygon><outerBoundaryIs><LinearRing><coordinates></coordinates></LinearRing></outerBoundaryIs></Polygon>"
182,0,0"<Polygon><outerBoundaryIs><LinearRing><coordinates></coordinates></LinearRing></outerBoundaryIs></Polygon>"
183,0,0"<Polygon><outerBoundaryIs><LinearRing><coordinates></coordinates></LinearRing></outerBoundaryIs></Polygon>"
184,0,0"<Polygon><outerBoundaryIs><LinearRing><coordinates></coordinates></LinearRing></outerBoundaryIs></Polygon>"
185,0,0"<Polygon><outerBoundaryIs><LinearRing><coordinates></coordinates></LinearRing></outerBoundaryIs></Polygon>"
186,0,0"<Polygon><outerBoundaryIs><LinearRing><coordinates></coordinates></LinearRing></outerBoundaryIs></Polygon>"
187,0,0"<Polygon><outerBoundaryIs><LinearRing><coordinates></coordinates></LinearRing></outerBoundaryIs></Polygon>"
188,0,0"<Polygon><outerBoundaryIs><LinearRing><coordinates></coordinates></LinearRing></outerBoundaryIs></Polygon>"
189,0,0"<Polygon><outerBoundaryIs><LinearRing><coordinates></coordinates></LinearRing></outerBoundaryIs></Polygon>"
190,0,0"<Polygon><outerBoundaryIs><LinearRing><coordinates></coordinates></LinearRing></outerBoundaryIs></Polygon>"
191,0,0"<Polygon><outerBoundaryIs><LinearRing><coordinates></coordinates></LinearRing></outerBoundaryIs></Polygon>"
192,0,0"<Polygon><outerBoundaryIs><LinearRing><coordinates></coordinates></LinearRing></outerBoundaryIs></Polygon>"
193,0,0"<Polygon><outerBoundaryIs><LinearRing><coordinates></coordinates></LinearRing></outerBoundaryIs></Polygon>"
194,0,0"<Polygon><outerBoundaryIs><LinearRing><coordinates></coordinates></LinearRing></outerBoundaryIs></Polygon>"
195,0,0"<Polygon><outerBoundaryIs><LinearRing><coordinates></coordinates></LinearRing></outerBoundaryIs></Polygon>"
196,0,0"<Polygon><outerBoundaryIs><LinearRing><coordinates></coordinates></LinearRing></outerBoundaryIs></Polygon>"
197,0,0"<Polygon><outerBoundaryIs><LinearRing><coordinates></coordinates></LinearRing></outerBoundaryIs></Polygon>"
198,0,0"<Polygon><outerBoundaryIs><LinearRing><coordinates></coordinates></LinearRing></outerBoundaryIs></Polygon>"
199,0,0"<Polygon><outerBoundaryIs><LinearRing><coordinates></coordinates></LinearRing></outerBoundaryIs></Polygon>"
200,0,0"<Polygon><outerBoundaryIs><LinearRing><coordinates></coordinates></LinearRing></outerBoundaryIs></Polygon>"
201,0,0"<Polygon><outerBoundaryIs><LinearRing><coordinates></coordinates></LinearRing></outerBoundaryIs></Polygon>"
202,0,0"<Polygon><outerBoundaryIs><LinearRing><coordinates></coordinates></LinearRing></outerBoundaryIs></Polygon>"
203,0,0"<Polygon><outerBoundaryIs><LinearRing><coordinates></coordinates></LinearRing></outerBoundaryIs></Polygon>"
204,0,0"<Polygon><outerBoundaryIs><LinearRing><coordinates></coordinates></LinearRing></outerBoundaryIs></Polygon>"
205,0,0"<Polygon><outerBoundaryIs><LinearRing><coordinates></coordinates></LinearRing></outerBoundaryIs></Polygon>"
206,0,0"<Polygon><outerBoundaryIs><LinearRing><coordinates></coordinates></LinearRing></outerBoundaryIs></Polygon>"
207,0,0"<Polygon><outerBoundaryIs><LinearRing><coordinates></coordinates></LinearRing></outerBoundaryIs></Polygon>"
208,0,0"<Polygon><outerBoundaryIs><LinearRing><coordinates></coordinates></LinearRing></outerBoundaryIs></Polygon>"
209,0,0"<Polygon><outerBoundaryIs><LinearRing><coordinates></coordinates></LinearRing></outerBoundaryIs></Polygon>"
210,0,0"<Polygon><outerBoundaryIs><LinearRing><coordinates></coordinates></LinearRing></outerBoundaryIs></Polygon>"
211,0,0"<Polygon><outerBoundaryIs><LinearRing><coordinates></coordinates></LinearRing></outerBoundaryIs></Polygon>"
212,0,0"<Polygon><outerBoundaryIs><LinearRing><coordinates></coordinates></LinearRing></outerBoundaryIs></Polygon>"
213,0,0"<Polygon><outerBoundaryIs><LinearRing><coordinates></coordinates></LinearRing></outerBoundaryIs></Polygon>"
214,0,0"<Polygon><outerBoundaryIs><LinearRing><coordinates></coordinates></LinearRing></outerBoundaryIs></Polygon>"
215,0,0"<Polygon><outerBoundaryIs><LinearRing><coordinates></coordinates></LinearRing></outerBoundaryIs></Polygon>"
216,0,0"<Polygon><outerBoundaryIs><LinearRing><coordinates></coordinates></LinearRing></outerBoundaryIs></Polygon>"
217,0,0"<Polygon><outerBoundaryIs><LinearRing><coordinates></coordinates></LinearRing></outerBoundaryIs></Polygon>"
218,0,0"<Polygon><outerBoundaryIs><LinearRing><coordinates></coordinates></LinearRing></outerBoundaryIs></Polygon>"
219,0,0"<Polygon><outerBoundaryIs><LinearRing><coordinates></coordinates></LinearRing></outerBoundaryIs></Polygon>"
220,0,0"<Polygon><outerBoundaryIs><LinearRing><coordinates></coordinates></LinearRing></outerBoundaryIs></Polygon>"
221,0,0"<Polygon><outerBoundaryIs><LinearRing><coordinates></coordinates></LinearRing></outerBoundaryIs></Polygon>"
222,0,0"<Polygon><outerBoundaryIs><LinearRing><coordinates></coordinates></LinearRing></outerBoundaryIs></Polygon>"
223,0,0"<Polygon><outerBoundaryIs><LinearRing><coordinates></coordinates></LinearRing></outerBoundaryIs></Polygon>"
224,0,0"<Polygon><outerBoundaryIs><LinearRing><coordinates></coordinates></LinearRing></outerBoundaryIs></Polygon>"
225,0,0"<Polygon><outerBoundaryIs><LinearRing><coordinates></coordinates></LinearRing></outerBoundaryIs></Polygon>"
226,0,0"<Polygon><outerBoundaryIs><LinearRing><coordinates></coordinates></LinearRing></outerBoundaryIs></Polygon>"
227,0,0"<Polygon><outerBoundaryIs><LinearRing><coordinates></coordinates></LinearRing></outerBoundaryIs></Polygon>"
228,0,0"<Polygon><outerBoundaryIs><LinearRing><coordinates></coordinates></LinearRing></outerBoundaryIs></Polygon>"
229,0,0"<Polygon><outerBoundaryIs><LinearRing><coordinates></coordinates></LinearRing></outerBoundaryIs></Polygon>"
230,0,0"<Polygon><outerBoundaryIs><LinearRing><coordinates></coordinates></LinearRing></outerBoundaryIs></Polygon>"
231,0,0"<Polygon><outerBoundaryIs><LinearRing><coordinates></coordinates></LinearRing></outerBoundaryIs></Polygon>"
232,0,0"<Polygon><outerBoundaryIs><LinearRing><coordinates></coordinates></LinearRing></outerBoundaryIs></Polygon>"
233,0,0"<Polygon><outerBoundaryIs><LinearRing><coordinates></coordinates></LinearRing></outerBoundaryIs></Polygon>"
234,0,0"<Polygon><outerBoundaryIs><LinearRing><coordinates></coordinates></LinearRing></outerBoundaryIs></Polygon>"
235,0,0"<Polygon><outerBoundaryIs><LinearRing><coordinates></coordinates></LinearRing></outerBoundaryIs></Polygon>"
236,0,0"<Polygon><outerBoundaryIs><LinearRing><coordinates></coordinates></LinearRing></outerBoundaryIs></Polygon>"
237,0,0"<Polygon><outerBoundaryIs><LinearRing><coordinates></coordinates></LinearRing></outerBoundaryIs></Polygon>"
238,0,0"<Polygon><outerBoundaryIs><LinearRing><coordinates></coordinates></LinearRing></outerBoundaryIs></Polygon>"
239,0,0"<Polygon><outerBoundaryIs><LinearRing><coordinates></coordinates></LinearRing></outerBoundaryIs></Polygon>"
240,0,0"<Polygon><outerBoundaryIs><LinearRing><coordinates></coordinates></LinearRing></outerBoundaryIs></Polygon>"
241,0,0"<Polygon><outerBoundaryIs><LinearRing><coordinates></coordinates></LinearRing></outerBoundaryIs></Polygon>"
242,0,0"<Polygon><outerBoundaryIs><LinearRing><coordinates></coordinates></LinearRing></outerBoundaryIs></Polygon>"
243,0,0"<Polygon><outerBoundaryIs><LinearRing><coordinates></coordinates></LinearRing></outerBoundaryIs></Polygon>"
244,0,0"<Polygon><outerBoundaryIs><LinearRing><coordinates></coordinates></LinearRing></outerBoundaryIs></Polygon>"
245,0,0"<Polygon><outerBoundaryIs><LinearRing><coordinates></coordinates></LinearRing></outerBoundaryIs></Polygon>"
246,0,0"<Polygon><outerBoundaryIs><LinearRing><coordinates></coordinates></LinearRing></outerBoundaryIs></Polygon>"
247,0,0"<Polygon><outerBoundaryIs><LinearRing><coordinates></coordinates></LinearRing></outerBoundaryIs></Polygon>"
248,0,0"<Polygon><outerBoundaryIs><LinearRing><coordinates></coordinates></LinearRing></outerBoundaryIs></Polygon>"
249,0,0"<Polygon><outerBoundaryIs><LinearRing><coordinates></coordinates></LinearRing></outerBoundaryIs></Polygon>"
250,0,0"<Polygon><outerBoundaryIs><LinearRing><coordinates></coordinates></LinearRing></outerBoundaryIs></Polygon>"
251,0,0"<Polygon><outerBoundaryIs><LinearRing><coordinates></coordinates></LinearRing></outerBoundaryIs></Polygon>"
252,0,0"<Polygon><outerBoundaryIs><LinearRing><coordinates></coordinates></LinearRing></outerBoundaryIs></Polygon>"
253,0,0"<Polygon><outerBoundaryIs><LinearRing><coordinates></coordinates></LinearRing></outerBoundaryIs></Polygon>"
254,0,0"<Polygon><outerBoundaryIs><LinearRing><coordinates></coordinates></LinearRing></outerBoundaryIs></Polygon>"
255,0,0"<Polygon><outerBoundaryIs><LinearRing><coordinates></coordinates></LinearRing></outerBoundaryIs></Polygon>"
256,0,0"<Polygon><outerBoundaryIs><LinearRing><coordinates></coordinates></LinearRing></outerBoundaryIs></Polygon>"
257,0,0"<Polygon><outerBoundaryIs><LinearRing><coordinates></coordinates></LinearRing></outerBoundaryIs></Polygon>"
258,0,0"<Polygon><outerBoundaryIs><LinearRing><coordinates></coordinates></LinearRing></outerBoundaryIs></Polygon>"
259,0,0"<Polygon><outerBoundaryIs><LinearRing><coordinates></coordinates></LinearRing></outerBoundaryIs></Polygon>"
260,0,0"<Polygon><outerBoundaryIs><LinearRing><coordinates></coordinates></LinearRing></outerBoundaryIs></Polygon>"
261,0,0"<Polygon><outerBoundaryIs><LinearRing><coordinates></coordinates></LinearRing></outerBoundaryIs></Polygon>"
262,0,0"<Polygon><outerBoundaryIs><LinearRing><coordinates></coordinates></LinearRing></outerBoundaryIs></Polygon>"
263,0,0"<Polygon><outerBoundaryIs><LinearRing><coordinates></coordinates></LinearRing></outerBoundaryIs></Polygon>"
264,0,0"<Polygon><outerBoundaryIs><LinearRing><coordinates></coordinates></LinearRing></outerBoundaryIs></Polygon>"
265,0,0"<Polygon><outerBoundaryIs><LinearRing><coordinates></coordinates></LinearRing></outerBoundaryIs></Polygon>"
266,0,0"<Polygon><outerBoundaryIs><LinearRing><coordinates></coordinates></LinearRing></outerBoundaryIs></Polygon>"
267,0,0"<Polygon><outerBoundaryIs><LinearRing><coordinates></coordinates></LinearRing></outerBoundaryIs></Polygon>"
268,0,0"<Polygon><outerBoundaryIs><LinearRing><coordinates></coordinates></LinearRing></outerBoundaryIs></Polygon>"
269,0,0"<Polygon><outerBoundaryIs><LinearRing><coordinates></coordinates></LinearRing></outerBoundaryIs></Polygon>"
270,0,0"<Polygon><outerBoundaryIs><LinearRing><coordinates></coordinates></LinearRing></outerBoundaryIs></Polygon>"
271,0,0"<Polygon><outerBoundaryIs><LinearRing><coordinates></coordinates></LinearRing></outerBoundaryIs></Polygon>"
272,0,0"<Polygon><outerBoundaryIs><LinearRing><coordinates></coordinates></LinearRing></outerBoundaryIs></Polygon>"
273,0,0"<Polygon><outerBoundaryIs><LinearRing><coordinates></coordinates></LinearRing></outerBoundaryIs></Polygon>"
274,0,0"<Polygon><outerBoundaryIs><LinearRing><coordinates></coordinates></LinearRing></outerBoundaryIs></Polygon>"
275,0,0"<Polygon><outerBoundaryIs><LinearRing><coordinates></coordinates></LinearRing></outerBoundaryIs></Polygon>"
276,0,0"<Polygon><outerBoundaryIs><LinearRing><coordinates></coordinates></LinearRing></outerBoundaryIs></Polygon>"
277,0,0"<Polygon><outerBoundaryIs><LinearRing><coordinates></coordinates></LinearRing></outerBoundaryIs></Polygon>"
278,0,0"<Polygon><outerBoundaryIs><LinearRing><coordinates></coordinates></LinearRing></outerBoundaryIs></Polygon>"
279,0,0"<Polygon><outerBoundaryIs><LinearRing><coordinates></coordinates></LinearRing></outerBoundaryIs></Polygon>"
280,0,0"<Polygon><outerBoundaryIs><LinearRing><coordinates></coordinates></LinearRing></outerBoundaryIs></Polygon>"
281,0,0"<Polygon><outerBoundaryIs><LinearRing><coordinates></coordinates></LinearRing></outerBoundaryIs></Polygon>"
282,0,0"<Polygon><outerBoundaryIs><LinearRing><coordinates></coordinates></LinearRing></outerBoundaryIs></Polygon>"
283,0,0"<Polygon><outerBoundaryIs><LinearRing><coordinates></coordinates></LinearRing></outerBoundaryIs></Polygon>"
284,0,0"<Polygon><outerBoundaryIs><LinearRing><coordinates></coordinates></LinearRing></outerBoundaryIs></Polygon>"
285,0,0"<Polygon><outerBoundaryIs><LinearRing><coordinates></coordinates></LinearRing></outerBoundaryIs></Polygon>"
286,0,0"<Polygon><outerBoundaryIs><LinearRing><coordinates></coordinates></LinearRing></outerBoundaryIs></Polygon>"
287,0,0"<Polygon><outerBoundaryIs><LinearRing><coordinates></coordinates></LinearRing></outerBoundaryIs></Polygon>"
288,0,0"<Polygon><outerBoundaryIs><LinearRing><coordinates></coordinates></LinearRing></outerBoundaryIs></Polygon>"
289,0,0"<Polygon><outerBoundaryIs><LinearRing><coordinates></coordinates></LinearRing></outerBoundaryIs></Polygon>"
290,0,0"<Polygon><outerBoundaryIs><LinearRing><coordinates></coordinates></LinearRing></outerBoundaryIs></Polygon>"
291,0,0"<Polygon><outerBoundaryIs><LinearRing><coordinates></coordinates></LinearRing></outerBoundaryIs></Polygon>"
292,0,0"<Polygon><outerBoundaryIs><LinearRing><coordinates></coordinates></LinearRing></outerBoundaryIs></Polygon>"
293,0,0"<Polygon><outerBoundaryIs><LinearRing><coordinates></coordinates></LinearRing></outerBoundaryIs></Polygon>"
294,0,0"<Polygon><outerBoundaryIs><LinearRing><coordinates></coordinates></LinearRing></outerBoundaryIs></Polygon>"
295,0,0"<Polygon><outerBoundaryIs><LinearRing><coordinates></coordinates></LinearRing></outerBoundaryIs></Polygon>"
296,0,0"<Polygon><outerBoundaryIs><LinearRing><coordinates></coordinates></LinearRing></outerBoundaryIs></Polygon>"
297,0,0"<Polygon><outerBoundaryIs><LinearRing><coordinates></coordinates></LinearRing></outerBoundaryIs></Polygon>"
298,0,0"<Polygon><outerBoundaryIs><LinearRing><coordinates></coordinates></LinearRing></outerBoundaryIs></Polygon>"
299,0,0"<Polygon><outerBoundaryIs><LinearRing><coordinates></coordinates></LinearRing></outerBoundaryIs></Polygon>"
300,0,0"<Polygon><outerBoundaryIs><LinearRing><coordinates></coordinates></LinearRing></outerBoundaryIs></Polygon>"
301,0,0"<Polygon><outerBoundaryIs><LinearRing><coordinates></coordinates></LinearRing></outerBoundaryIs></Polygon>"
302,0,0"<Polygon><outerBoundaryIs><LinearRing><coordinates></coordinates></LinearRing></outerBoundaryIs></Polygon>"
303,0,0"<Polygon><outerBoundaryIs><LinearRing><coordinates></coordinates></LinearRing></outerBoundaryIs></Polygon>"
304,0,0"<Polygon><outerBoundaryIs><LinearRing><coordinates></coordinates></LinearRing></outerBoundaryIs></Polygon>"
305,0,0"<Polygon><outerBoundaryIs><LinearRing><coordinates></coordinates></LinearRing></outerBoundaryIs></Polygon>"
306,0,0"<Polygon><outerBoundaryIs><LinearRing><coordinates></coordinates></LinearRing></outerBoundaryIs></Polygon>"
307,0,0"<Polygon><outerBoundaryIs><LinearRing><coordinates></coordinates></LinearRing></outerBoundaryIs></Polygon>"
308,0,0"<Polygon><outerBoundaryIs><LinearRing><coordinates></coordinates></LinearRing></outerBoundaryIs></Polygon>"
309,0,0"<Polygon><outerBoundaryIs><LinearRing><coordinates></coordinates></LinearRing></outerBoundaryIs></Polygon>"
310,0,0"<Polygon><outerBoundaryIs><LinearRing><coordinates></coordinates></LinearRing></outerBoundaryIs></Polygon>"
311,0,0"<Polygon><outerBoundaryIs><LinearRing><coordinates></coordinates></LinearRing></outerBoundaryIs></Polygon>"
312,0,0"<Polygon><outerBoundaryIs><LinearRing><coordinates></coordinates></LinearRing></outerBoundaryIs></Polygon>"
313,0,0"<Polygon><outerBoundaryIs><LinearRing><coordinates></coordinates></LinearRing></outerBoundaryIs></Polygon>"
314,0,0"<Polygon><outerBoundaryIs><LinearRing><coordinates></coordinates></LinearRing></outerBoundaryIs></Polygon>"
315,0,0"<Polygon><outerBoundaryIs><LinearRing><coordinates></coordinates></LinearRing></outerBoundaryIs></Polygon>"
316,0,0"<Polygon><outerBoundaryIs><LinearRing><coordinates></coordinates></LinearRing></outerBoundaryIs></Polygon>"
317,0,0"<Polygon><outerBoundaryIs><LinearRing><coordinates></coordinates></LinearRing></outerBoundaryIs></Polygon>"
318,0,0"<Polygon><outerBoundaryIs><LinearRing><coordinates></coordinates></LinearRing></outerBoundaryIs></Polygon>"
319,0,0"<Polygon><outerBoundaryIs><LinearRing><coordinates></coordinates></LinearRing></outerBoundaryIs></Polygon>"
320,0,0"<Polygon><outerBoundaryIs><LinearRing><coordinates></coordinates></LinearRing></outerBoundaryIs></Polygon>"
321,0,0"<Polygon><outerBoundaryIs><LinearRing><coordinates></coordinates></LinearRing></outerBoundaryIs></Polygon>"
322,0,0"<Polygon><outerBoundaryIs><LinearRing><coordinates></coordinates></LinearRing></outerBoundaryIs></Polygon>"
323,0,0"<Polygon><outerBoundaryIs><LinearRing><coordinates></coordinates></LinearRing></outerBoundaryIs></Polygon>"
324,0,0"<Polygon><outerBoundaryIs><LinearRing><coordinates></coordinates></LinearRing></outerBoundaryIs></Polygon>"
325,0,0"<Polygon><outerBoundaryIs><LinearRing><coordinates></coordinates></LinearRing></outerBoundaryIs></Polygon>"
326,0,0"<Polygon><outerBoundaryIs><LinearRing><coordinates></coordinates></LinearRing></outerBoundaryIs></Polygon>"
327,0,0"<Polygon><outerBoundaryIs><LinearRing><coordinates></coordinates></LinearRing></outerBoundaryIs></Polygon>"
328,0,0"<Polygon><outerBoundaryIs><LinearRing><coordinates></coordinates></LinearRing></outerBoundaryIs></Polygon>"
329,0,0"<Polygon><outerBoundaryIs><LinearRing><coordinates></coordinates></LinearRing></outerBoundaryIs></Polygon>"
330,0,0"<Polygon><outerBoundaryIs><LinearRing><coordinates></coordinates></LinearRing></outerBoundaryIs></Polygon>"
331,0,0"<Polygon><outerBoundaryIs><LinearRing><coordinates></coordinates></LinearRing></outerBoundaryIs></Polygon>"
332,0,0"<Polygon><outerBoundaryIs><LinearRing><coordinates></coordinates></LinearRing></outerBoundaryIs></Polygon>"
333,0,0"<Polygon><outerBoundaryIs><LinearRing><coordinates></coordinates></LinearRing></outerBoundaryIs></Polygon>"
334,0,0"<Polygon><outerBoundaryIs><LinearRing><coordinates></coordinates></LinearRing></outerBoundaryIs></Polygon>"
335,0,0"<Polygon><outerBoundaryIs><LinearRing><coordinates></coordinates></LinearRing></outerBoundaryIs></Polygon>"
336,0,0"<Polygon><outerBoundaryIs><LinearRing><coordinates></coordinates></LinearRing></outerBoundaryIs></Polygon>"
337,0,0"<Polygon><outerBoundaryIs><LinearRing><coordinates></coordinates></LinearRing></outerBoundaryIs></Polygon>"
338,0,0"<Polygon><outerBoundaryIs><LinearRing><coordinates></coordinates></LinearRing></outerBoundaryIs></Polygon>"
339,0,0"<Polygon><outerBoundaryIs><LinearRing><coordinates></coordinates></LinearRing></outerBoundaryIs></Polygon>"
340,0,0"<Polygon><outerBoundaryIs><LinearRing><coordinates></coordinates></LinearRing></outerBoundaryIs></Polygon>"
341,0,0"<Polygon><outerBoundaryIs><LinearRing><coordinates></coordinates></LinearRing></outerBoundaryIs></Polygon>"
342,0,0"<Polygon><outerBoundaryIs><LinearRing><coordinates></coordinates></LinearRing></outerBoundaryIs></Polygon>"
343,0,0"<Polygon><outerBoundaryIs><LinearRing><coordinates></coordinates></LinearRing></outerBoundaryIs></Polygon>"
344,0,0"<Polygon><outerBoundaryIs><LinearRing><coordinates></coordinates></LinearRing></outerBoundaryIs></Polygon>"
345,0,0"<Polygon><outerBoundaryIs><LinearRing><coordinates></coordinates></LinearRing></outerBoundaryIs></Polygon>"
346,0,0"<Polygon><outerBoundaryIs><LinearRing><coordinates></coordinates></LinearRing></outerBoundaryIs></Polygon>"
347,0,0"<Polygon><outerBoundaryIs><LinearRing><coordinates></coordinates></LinearRing></outerBoundaryIs></Polygon>"
348,0,0"<Polygon><outerBoundaryIs><LinearRing><coordinates></coordinates></LinearRing></outerBoundaryIs></Polygon>"
349,0,0"<Polygon><outerBoundaryIs><LinearRing><coordinates></coordinates></LinearRing></outerBoundaryIs></Polygon>"
350,0,0"<Polygon><outerBoundaryIs><LinearRing><coordinates></coordinates></LinearRing></outerBoundaryIs></Polygon>"
351,0,0"<Polygon><outerBoundaryIs><LinearRing><coordinates></coordinates></LinearRing></outerBoundaryIs></Polygon>"
352,0,0"<Polygon><outerBoundaryIs><LinearRing><coordinates></coordinates></LinearRing></outerBoundaryIs></Polygon>"
353,0,0"<Polygon><outerBoundaryIs><LinearRing><coordinates></coordinates></LinearRing></outerBoundaryIs></Polygon>"
354,0,0"<Polygon><outerBoundaryIs><LinearRing><coordinates></coordinates></LinearRing></outerBoundaryIs></Polygon>"
355,0,0"<Polygon><outerBoundaryIs><LinearRing><coordinates></coordinates></LinearRing></outerBoundaryIs></Polygon>"
356,0,0"<Polygon><outerBoundaryIs><LinearRing><coordinates></coordinates></LinearRing></outerBoundaryIs></Polygon>"
357,0,0"<Polygon><outerBoundaryIs><LinearRing><coordinates></coordinates></LinearRing></outerBoundaryIs></Polygon>"
358,0,0"<Polygon><outerBoundaryIs><LinearRing><coordinates></coordinates></LinearRing></outerBoundaryIs></Polygon>"
359,0,0"<Polygon><outerBoundaryIs><LinearRing><coordinates></coordinates></LinearRing></outerBoundaryIs></Polygon>"
360,0,0"<Polygon><outerBoundaryIs><LinearRing><coordinates></coordinates></LinearRing></outerBoundaryIs></Polygon>"
361,0,0"<Polygon><outerBoundaryIs><LinearRing><coordinates></coordinates></LinearRing></outerBoundaryIs></Polygon>"
362,0,0"<Polygon><outerBoundaryIs><LinearRing><coordinates></coordinates></LinearRing></outerBoundaryIs></Polygon>"
363,0,0"<Polygon><outerBoundaryIs><LinearRing><coordinates></coordinates></LinearRing></outerBoundaryIs></Polygon>"
364,0,0"<Polygon><outerBoundaryIs><LinearRing><coordinates></coordinates></LinearRing></outerBoundaryIs></Polygon>"
365,0,0"<Polygon><outerBoundaryIs><LinearRing><coordinates></coordinates></LinearRing></outerBoundaryIs></Polygon>"
366,0,0"<Polygon><outerBoundaryIs><LinearRing><coordinates></coordinates></LinearRing></outerBoundaryIs></Polygon>"
367,0,0"<Polygon><outerBoundaryIs><LinearRing><coordinates></coordinates></LinearRing></outerBoundaryIs></Polygon>"
368,0,0"<Polygon><outerBoundaryIs><LinearRing><coordinates></coordinates></LinearRing></outerBoundaryIs></Polygon>"
369,0,0"<Polygon><outerBoundaryIs><LinearRing><coordinates></coordinates></LinearRing></outerBoundaryIs></Polygon>"
370,0,0"<Polygon><outerBoundaryIs><LinearRing><coordinates></coordinates></LinearRing></outerBoundaryIs></Polygon>"
371,0,0"<Polygon><outerBoundaryIs><LinearRing><coordinates></coordinates></LinearRing></outerBoundaryIs></Polygon>"
372,0,0"<Polygon><outerBoundaryIs><LinearRing><coordinates></coordinates></LinearRing></outerBoundaryIs></Polygon>"
373,0,0"<Polygon><outerBoundaryIs><LinearRing><coordinates></coordinates></LinearRing></outerBoundaryIs></Polygon>"
374,0,0"<Polygon><outerBoundaryIs><LinearRing><coordinates></coordinates></LinearRing></outerBoundaryIs></Polygon>"
375,0,0"<Polygon><outerBoundaryIs><LinearRing><coordinates></coordinates></LinearRing></outerBoundaryIs></Polygon>"
376,0,0"<Polygon><outerBoundaryIs><LinearRing><coordinates></coordinates></LinearRing></outerBoundaryIs></Polygon>"
377,0,0"<Polygon><outerBoundaryIs><LinearRing><coordinates></coordinates></LinearRing></outerBoundaryIs></Polygon>"
378,0,0"<Polygon><outerBoundaryIs><LinearRing><coordinates></coordinates></LinearRing></outerBoundaryIs></Polygon>"
379,0,0"<Polygon><outerBoundaryIs><LinearRing><coordinates></coordinates></LinearRing></outerBoundaryIs></Polygon>"
380,0,0"<Polygon><outerBoundaryIs><LinearRing><coordinates></coordinates></LinearRing></outerBoundaryIs></Polygon>"
381,0,0"<Polygon><outerBoundaryIs><LinearRing><coordinates></coordinates></LinearRing></outerBoundaryIs></Polygon>"
382,0,0"<Polygon><outerBoundaryIs><LinearRing><coordinates></coordinates></LinearRing></outerBoundaryIs></Polygon>"
383,0,0"<Polygon><outerBoundaryIs><LinearRing><coordinates></coordinates></LinearRing></outerBoundaryIs></Polygon>"
384,0,0"<Polygon><outerBoundaryIs><LinearRing><coordinates></coordinates></LinearRing></outerBoundaryIs></Polygon>"
385,0,0"<Polygon><outerBoundaryIs><LinearRing><coordinates></coordinates></LinearRing></outerBoundaryIs></Polygon>"
386,0,0"<Polygon><outerBoundaryIs><LinearRing><coordinates></coordinates></LinearRing></outerBoundaryIs></Polygon>"
387,0,0"<Polygon><outerBoundaryIs><LinearRing><coordinates></coordinates></LinearRing></outerBoundaryIs></Polygon>"
388,0,0"<Polygon><outerBoundaryIs><LinearRing><coordinates></coordinates></LinearRing></outerBoundaryIs></Polygon>"
389,0,0"<Polygon><outerBoundaryIs><LinearRing><coordinates></coordinates></LinearRing></outerBoundaryIs></Polygon>"
390,0,0"<Polygon><outerBoundaryIs><LinearRing><coordinates></coordinates></LinearRing></outerBoundaryIs></Polygon>"
391,0,0"<Polygon><outerBoundaryIs><LinearRing><coordinates></coordinates></LinearRing></outerBoundaryIs></Polygon>"
392,0,0"<Polygon><outerBoundaryIs><LinearRing><coordinates></coordinates></LinearRing></outerBoundaryIs></Polygon>"
393,0,0"<Polygon><outerBoundaryIs><LinearRing><coordinates></coordinates></LinearRing></outerBoundaryIs></Polygon>"
394,0,0"<Polygon><outerBoundaryIs><LinearRing><coordinates></coordinates></LinearRing></outerBoundaryIs></Polygon>"
395,0,0"<Polygon><outerBoundaryIs><LinearRing><coordinates></coordinates></LinearRing></outerBoundaryIs></Polygon>"
396,0,0"<Polygon><outerBoundaryIs><LinearRing><coordinates></coordinates></LinearRing></outerBoundaryIs></Polygon>"
397,0,0"<Polygon><outerBoundaryIs><LinearRing><coordinates></coordinates></LinearRing></outerBoundaryIs></Polygon>"
398,0,0"<Polygon><outerBoundaryIs><LinearRing><coordinates></coordinates></LinearRing></outerBoundaryIs></Polygon>"
399,0,0"<Polygon><outerBoundaryIs><LinearRing><coordinates></coordinates></LinearRing></outerBoundaryIs></Polygon>"
400,0,0"<Polygon><outerBoundaryIs><LinearRing><coordinates></coordinates></LinearRing></outerBoundaryIs></Polygon>"
401,0,0"<Polygon><outerBoundaryIs><LinearRing><coordinates></coordinates></LinearRing></outerBoundaryIs></Polygon>"
402,0,0"<Polygon><outerBoundaryIs><LinearRing><coordinates></coordinates></LinearRing></outerBoundaryIs></Polygon>"
403,0,0"<Polygon><outerBoundaryIs><LinearRing><coordinates></coordinates></LinearRing></outerBoundaryIs></Polygon>"
404,0,0"<Polygon><outerBoundaryIs><LinearRing><coordinates></coordinates></LinearRing></outerBoundaryIs></Polygon>"
405,0,0"<Polygon><outerBoundaryIs><LinearRing><coordinates></coordinates></LinearRing></outerBoundaryIs></Polygon>"
406,0,0"<Polygon><outerBoundaryIs><LinearRing><coordinates></coordinates></LinearRing></outerBoundaryIs></Polygon>"
407,0,0"<Polygon><outerBoundaryIs><LinearRing><coordinates></coordinates></LinearRing></outerBoundaryIs></Polygon>"
408,0,0"<Polygon><outerBoundaryIs><LinearRing><coordinates></coordinates></LinearRing></outerBoundaryIs></Polygon>"
409,0,0"<Polygon><outerBoundaryIs><LinearRing><coordinates></coordinates></LinearRing></outerBoundaryIs></Polygon>"
410,0,0"<Polygon><outerBoundaryIs><LinearRing><coordinates></coordinates></LinearRing></outerBoundaryIs></Polygon>"
411,0,0"<Polygon><outerBoundaryIs><LinearRing><coordinates></coordinates></LinearRing></outerBoundaryIs></Polygon>"
412,0,0"<Polygon><outerBoundaryIs><LinearRing><coordinates></coordinates></LinearRing></outerBoundaryIs></Polygon>"
413,0,0"<Polygon><outerBoundaryIs><LinearRing><coordinates></coordinates></LinearRing></outerBoundaryIs></Polygon>"
414,0,0"<Polygon><outerBoundaryIs><LinearRing><coordinates></coordinates></LinearRing></outerBoundaryIs></Polygon>"
415,0,0"<Polygon><outerBoundaryIs><LinearRing><coordinates></coordinates></LinearRing></outerBoundaryIs></Polygon>"
416,0,0"<Polygon><outerBoundaryIs><LinearRing><coordinates></coordinates></LinearRing></outerBoundaryIs></Polygon>"
417,0,0"<Polygon><outerBoundaryIs><LinearRing><coordinates></coordinates></LinearRing></outerBoundaryIs></Polygon>"
418,0,0"<Polygon><outerBoundaryIs><LinearRing><coordinates></coordinates></LinearRing></outerBoundaryIs></Polygon>"
419,0,0"<Polygon><outerBoundaryIs><LinearRing><coordinates></coordinates></LinearRing></outerBoundaryIs></Polygon>"
420,0,0"<Polygon><outerBoundaryIs><LinearRing><coordinates></coordinates></LinearRing></outerBoundaryIs></Polygon>"
421,0,0"<Polygon><outerBoundaryIs><LinearRing><coordinates></coordinates></LinearRing></outerBoundaryIs></Polygon>"
422,0,0"<Polygon><outerBoundaryIs><LinearRing><coordinates></coordinates></LinearRing></outerBoundaryIs></Polygon>"
423,0,0"<Polygon><outerBoundaryIs><LinearRing><coordinates></coordinates></LinearRing></outerBoundaryIs></Polygon>"
424,0,0"<Polygon><outerBoundaryIs><LinearRing><coordinates></coordinates></LinearRing></outerBoundaryIs></Polygon>"
425,0,0"<Polygon><outerBoundaryIs><LinearRing><coordinates></coordinates></LinearRing></outerBoundaryIs></Polygon>"
426,0,0"<Polygon><outerBoundaryIs><LinearRing><coordinates></coordinates></LinearRing></outerBoundaryIs></Polygon>"
427,0,0"<Polygon><outerBoundaryIs><LinearRing><coordinates></coordinates></LinearRing></outerBoundaryIs></Polygon>"
428,0,0"<Polygon><outerBoundaryIs><LinearRing><coordinates></coordinates></LinearRing></outerBoundaryIs></Polygon>"
429,0,0"<Polygon><outerBoundaryIs><LinearRing><coordinates></coordinates></LinearRing></outerBoundaryIs></Polygon>"
430,0,0"<Polygon><outerBoundaryIs><LinearRing><coordinates></coordinates></LinearRing></outerBoundaryIs></Polygon>"
431,0,0"<Polygon><outerBoundaryIs><LinearRing><coordinates></coordinates></LinearRing></outerBoundaryIs></Polygon>"
432,0,0"<Polygon><outerBoundaryIs><LinearRing><coordinates></coordinates></LinearRing></outerBoundaryIs></Polygon>"
433,0,0"<Polygon><outerBoundaryIs><LinearRing><coordinates></coordinates></LinearRing></outerBoundaryIs></Polygon>"
434,0,0"<Polygon><outerBoundaryIs><LinearRing><coordinates></coordinates></LinearRing></outerBoundaryIs></Polygon>"
435,0,0"<Polygon><outerBoundaryIs><LinearRing><coordinates></coordinates></LinearRing></outerBoundaryIs></Polygon>"
436,0,0"<Polygon><outerBoundaryIs><LinearRing><coordinates></coordinates></LinearRing></outerBoundaryIs></Polygon>"
437,0,0"<Polygon><outerBoundaryIs><LinearRing><coordinates></coordinates></LinearRing></outerBoundaryIs></Polygon>"
438,0,0"<Polygon><outerBoundaryIs><LinearRing><coordinates></coordinates></LinearRing></outerBoundaryIs></Polygon>"
439,0,0"<Polygon><outerBoundaryIs><LinearRing><coordinates></coordinates></LinearRing></outerBoundaryIs></Polygon>"
440,0,0"<Polygon><outerBoundaryIs><LinearRing><coordinates></coordinates></LinearRing></outerBoundaryIs></Polygon>"
441,0,0"<Polygon><outerBoundaryIs><LinearRing><coordinates></coordinates></LinearRing></outerBoundaryIs></Polygon>"
442,0,0"<Polygon><outerBoundaryIs><LinearRing><coordinates></coordinates></LinearRing></outerBoundaryIs></Polygon>"
443,0,0"<Polygon><outerBoundaryIs><LinearRing><coordinates></coordinates></LinearRing></outerBoundaryIs></Polygon>"
444,0,0"<Polygon><outerBoundaryIs><LinearRing><coordinates></coordinates></LinearRing></outerBoundaryIs></Polygon>"
445,0,0"<Polygon><outerBoundaryIs><LinearRing><coordinates></coordinates></LinearRing></outerBoundaryIs></Polygon>"
446,0,0"<Polygon><outerBoundaryIs><LinearRing><coordinates></coordinates></LinearRing></outerBoundaryIs></Polygon>"
447,0,0"<Polygon><outerBoundaryIs><LinearRing><coordinates></coordinates></LinearRing></outerBoundaryIs></Polygon>"
448,0,0"<Polygon><outerBoundaryIs><LinearRing><coordinates></coordinates></LinearRing></outerBoundaryIs></Polygon>"
449,0,0"<Polygon><outerBoundaryIs><LinearRing><coordinates></coordinates></LinearRing></outerBoundaryIs></Polygon>"
450,0,0"<Polygon><outerBoundaryIs><LinearRing><coordinates></coordinates></LinearRing></outerBoundaryIs></Polygon>"
451,0,0"<Polygon><outerBoundaryIs><LinearRing><coordinates></coordinates></LinearRing></outerBoundaryIs></Polygon>"
452,0,0"<Polygon><outerBoundaryIs><LinearRing><coordinates></coordinates></LinearRing></outerBoundaryIs></Polygon>"
453,0,0"<Polygon><outerBoundaryIs><LinearRing><coordinates></coordinates></LinearRing></outerBoundaryIs></Polygon>"
454,0,0"<Polygon><outerBoundaryIs><LinearRing><coordinates></coordinates></LinearRing></outerBoundaryIs></Polygon>"
455,0,0"<Polygon><outerBoundaryIs><LinearRing><coordinates></coordinates></LinearRing></outerBoundaryIs></Polygon>"
456,0,0"<Polygon><outerBoundaryIs><LinearRing><coordinates></coordinates></LinearRing></outerBoundaryIs></Polygon>"
457,0,0"<Polygon><outerBoundaryIs><LinearRing><coordinates></coordinates></LinearRing></outerBoundaryIs></Polygon>"
458,0,0"<Polygon><outerBoundaryIs><LinearRing><coordinates></coordinates></LinearRing></outerBoundaryIs></Polygon>"
459,0,0"<Polygon><outerBoundaryIs><LinearRing><coordinates></coordinates></LinearRing></outerBoundaryIs></Polygon>"
460,0,0"<Polygon><outerBoundaryIs><LinearRing><coordinates></coordinates></LinearRing></outerBoundaryIs></Polygon>"
461,0,0"<Polygon><outerBoundaryIs><LinearRing><coordinates></coordinates></LinearRing></outerBoundaryIs></Polygon>"
462,0,0"<Polygon><outerBoundaryIs><LinearRing><coordinates></coordinates></LinearRing></outerBoundaryIs></Polygon>"
463,0,0"<Polygon><outerBoundaryIs><LinearRing><coordinates></coordinates></LinearRing></outerBoundaryIs></Polygon>"
464,0,0"<Polygon><outerBoundaryIs><LinearRing><coordinates></coordinates></LinearRing></outerBoundaryIs></Polygon>"
465,0,0"<Polygon><outerBoundaryIs><LinearRing><coordinates></coordinates></LinearRing></outerBoundaryIs></Polygon>"
466,0,0"<Polygon><outerBoundaryIs><LinearRing><coordinates></coordinates></LinearRing></outerBoundaryIs></Polygon>"
467,0,0"<Polygon><outerBoundaryIs><LinearRing><coordinates></coordinates></LinearRing></outerBoundaryIs></Polygon>"
468,0,0"<Polygon><outerBoundaryIs><LinearRing><coordinates></coordinates></LinearRing></outerBoundaryIs></Polygon>"
469,0,0"<Polygon><outerBoundaryIs><LinearRing><coordinates></coordinates></LinearRing></outerBoundaryIs></Polygon>"
470,0,0"<Polygon><outerBoundaryIs><LinearRing><coordinates></coordinates></LinearRing></outerBoundaryIs></Polygon>"
471,0,0"<Polygon><outerBoundaryIs><LinearRing><coordinates></coordinates></LinearRing></outerBoundaryIs></Polygon>"
472,0,0"<Polygon><outerBoundaryIs><LinearRing><coordinates></coordinates></LinearRing></outerBoundaryIs></Polygon>"
473,0,0"<Polygon><outerBoundaryIs><LinearRing><coordinates></coordinates></LinearRing></outerBoundaryIs></Polygon>"
474,0,0"<Polygon><outerBoundaryIs><LinearRing><coordinates></coordinates></LinearRing></outerBoundaryIs></Polygon>"
475,0,0"<Polygon><outerBoundaryIs><LinearRing><coordinates></coordinates></LinearRing></outerBoundaryIs></Polygon>"
476,0,0"<Polygon><outerBoundaryIs><LinearRing><coordinates></coordinates></LinearRing></outerBoundaryIs></Polygon>"
477,0,0"<Polygon><outerBoundaryIs><LinearRing><coordinates></coordinates></LinearRing></outerBoundaryIs></Polygon>"
478,0,0"<Polygon><outerBoundaryIs><LinearRing><coordinates></coordinates></LinearRing></outerBoundaryIs></Polygon>"
479,0,0"<Polygon><outerBoundaryIs><LinearRing><coordinates></coordinates></LinearRing></outerBoundaryIs></Polygon>"
480,0,0"<Polygon><outerBoundaryIs><LinearRing><coordinates></coordinates></LinearRing></outerBoundaryIs></Polygon>"
481,0,0"<Polygon><outerBoundaryIs><LinearRing><coordinates></coordinates></LinearRing></outerBoundaryIs></Polygon>"
482,0,0"<Polygon><outerBoundaryIs><LinearRing><coordinates></coordinates></LinearRing></outerBoundaryIs></Polygon>"
483,0,0"<Polygon><outerBoundaryIs><LinearRing><coordinates></coordinates></LinearRing></outerBoundaryIs></Polygon>"
484,0,0"<Polygon><outerBoundaryIs><LinearRing><coordinates></coordinates></LinearRing></outerBoundaryIs></Polygon>"
485,0,0"<Polygon><outerBoundaryIs><LinearRing><coordinates></coordinates></LinearRing></outerBoundaryIs></Polygon>"
486,0,0"<Polygon><outerBoundaryIs><LinearRing><coordinates></coordinates></LinearRing></outerBoundaryIs></Polygon>"
487,0,0"<Polygon><outerBoundaryIs><LinearRing><coordinates></coordinates></LinearRing></outerBoundaryIs></Polygon>"
488,0,0"<Polygon><outerBoundaryIs><LinearRing><coordinates></coordinates></LinearRing></outerBoundaryIs></Polygon>"
489,0,0"<Polygon><outerBoundaryIs><LinearRing><coordinates></coordinates></LinearRing></outerBoundaryIs></Polygon>"
490,0,0"<Polygon><outerBoundaryIs><LinearRing><coordinates></coordinates></LinearRing></outerBoundaryIs></Polygon>"
491,0,0"<Polygon><outerBoundaryIs><LinearRing><coordinates></coordinates></LinearRing></outerBoundaryIs></Polygon>"
492,0,0"<Polygon><outerBoundaryIs><LinearRing><coordinates></coordinates></LinearRing></outerBoundaryIs></Polygon>"
493,0,0"<Polygon><outerBoundaryIs><LinearRing><coordinates></coordinates></LinearRing></outerBoundaryIs></Polygon>"
494,0,0"<Polygon><outerBoundaryIs><LinearRing><coordinates></coordinates></LinearRing></outerBoundaryIs></Polygon>"
495,0,0"<Polygon><outerBoundaryIs><LinearRing><coordinates></coordinates></LinearRing></outerBoundaryIs></Polygon>"
496,0,0"<Polygon><outerBoundaryIs><LinearRing><coordinates></coordinates></LinearRing></outerBoundaryIs></Polygon>"
497,0,0"<Polygon><outerBoundaryIs><LinearRing><coordinates></coordinates></LinearRing></outerBoundaryIs></Polygon>"
498,0,0"<Polygon><outerBoundaryIs><LinearRing><coordinates></coordinates></LinearRing></outerBoundaryIs></Polygon>"
499,0,0"<Polygon><outerBoundaryIs><LinearRing><coordinates></coordinates></LinearRing></outerBoundaryIs></Polygon>"
500,0,0"<Polygon><outerBoundaryIs><LinearRing><coordinates></coordinates></LinearRing></outerBoundaryIs></Polygon>"
501,0,0"<Polygon><outerBoundaryIs><LinearRing><coordinates></coordinates></LinearRing></outerBoundaryIs></Polygon>"
502,0,0"<Polygon><outerBoundaryIs><LinearRing><coordinates></coordinates></LinearRing></outerBoundaryIs></Polygon>"
503,0,0"<Polygon><outerBoundaryIs><LinearRing><coordinates></coordinates></LinearRing></outerBoundaryIs></Polygon>"
